building_id,year,renovation_probability
1205,2025,0.1
76,2025,0.1
213,2025,0.4
218,2025,0.1
309,2025,0.2
358,2025,0.1
455,2025,0.1
463,2025,0.2
593,2025,0.1
1205,2026,0.1
76,2026,0.2
213,2026,0.4
218,2026,0.1
309,2026,0.2
358,2026,0.1
455,2026,0.1
463,2026,0.2
593,2026,0.1
863,2026,0.1
221,2026,0.1
251,2026,0.1
484,2026,0.1
561,2026,0.3
567,2026,0.1
1205,2027,0.2
76,2027,0.2
213,2027,0.4
218,2027,0.1
309,2027,0.2
358,2027,0.1
455,2027,0.1
463,2027,0.3
593,2027,0.1
863,2027,0.1
221,2027,0.1
251,2027,0.1
484,2027,0.2
561,2027,0.4
567,2027,0.1
1427,2027,0.2
224,2027,0.1
409,2027,0.1
442,2027,0.1
485,2027,0.1
516,2027,0.1
645,2027,0.2
1205,2028,0.2
76,2028,0.3
213,2028,0.5
218,2028,0.1
309,2028,0.2
358,2028,0.1
455,2028,0.1
463,2028,0.4
593,2028,0.1
863,2028,0.2
221,2028,0.1
251,2028,0.1
484,2028,0.2
561,2028,0.4
567,2028,0.2
1427,2028,0.2
224,2028,0.1
409,2028,0.1
442,2028,0.1
485,2028,0.2
516,2028,0.1
645,2028,0.2
1124,2028,0.2
1152,2028,0.1
1554,2028,0.1
97,2028,0.1
274,2028,0.1
509,2028,0.1
613,2028,0.3
1205,2029,0.3
76,2029,0.4
213,2029,0.5
218,2029,0.1
309,2029,0.2
358,2029,0.1
455,2029,0.1
463,2029,0.4
593,2029,0.2
863,2029,0.2
221,2029,0.1
251,2029,0.1
484,2029,0.2
561,2029,0.4
567,2029,0.2
1427,2029,0.2
224,2029,0.1
409,2029,0.1
442,2029,0.1
485,2029,0.2
516,2029,0.1
645,2029,0.2
1124,2029,0.2
1152,2029,0.1
1554,2029,0.1
97,2029,0.1
274,2029,0.1
509,2029,0.1
613,2029,0.3
803,2029,0.5
1115,2029,0.1
52,2029,0.1
486,2029,0.3
1205,2030,0.3
76,2030,0.4
213,2030,0.5
218,2030,0.1
309,2030,0.2
358,2030,0.1
455,2030,0.1
463,2030,0.4
593,2030,0.3
863,2030,0.2
221,2030,0.1
251,2030,0.2
484,2030,0.2
561,2030,0.4
567,2030,0.2
1427,2030,0.2
224,2030,0.1
409,2030,0.1
442,2030,0.1
485,2030,0.2
516,2030,0.2
645,2030,0.2
1124,2030,0.2
1152,2030,0.1
1554,2030,0.1
97,2030,0.1
274,2030,0.1
509,2030,0.1
613,2030,0.3
803,2030,0.5
1115,2030,0.1
52,2030,0.1
486,2030,0.3
298,2030,0.4
345,2030,0.2
519,2030,0.2
1205,2031,0.3
76,2031,0.4
213,2031,0.5
218,2031,0.2
309,2031,0.2
358,2031,0.1
455,2031,0.1
463,2031,0.4
593,2031,0.3
863,2031,0.2
221,2031,0.1
251,2031,0.2
484,2031,0.2
561,2031,0.4
567,2031,0.2
1427,2031,0.2
224,2031,0.1
409,2031,0.1
442,2031,0.2
485,2031,0.2
516,2031,0.2
645,2031,0.2
1124,2031,0.2
1152,2031,0.1
1554,2031,0.1
97,2031,0.2
274,2031,0.1
509,2031,0.1
613,2031,0.4
803,2031,0.5
1115,2031,0.2
52,2031,0.1
486,2031,0.3
298,2031,0.4
345,2031,0.2
519,2031,0.2
1478,2031,0.2
191,2031,0.1
1205,2032,0.3
76,2032,0.4
213,2032,0.5
218,2032,0.2
309,2032,0.2
358,2032,0.1
455,2032,0.1
463,2032,0.4
593,2032,0.3
863,2032,0.2
221,2032,0.2
251,2032,0.3
484,2032,0.2
561,2032,0.4
567,2032,0.2
1427,2032,0.2
224,2032,0.1
409,2032,0.1
442,2032,0.2
485,2032,0.2
516,2032,0.2
645,2032,0.2
1124,2032,0.3
1152,2032,0.1
1554,2032,0.1
97,2032,0.2
274,2032,0.1
509,2032,0.1
613,2032,0.5
803,2032,0.5
1115,2032,0.2
52,2032,0.1
486,2032,0.3
298,2032,0.4
345,2032,0.2
519,2032,0.2
1478,2032,0.2
191,2032,0.1
42,2032,0.1
188,2032,0.3
214,2032,0.3
217,2032,0.4
1205,2033,0.3
76,2033,0.5
213,2033,0.5
218,2033,0.2
309,2033,0.2
358,2033,0.1
455,2033,0.1
463,2033,0.4
593,2033,0.3
863,2033,0.2
221,2033,0.3
251,2033,0.3
484,2033,0.2
561,2033,0.4
567,2033,0.2
1427,2033,0.2
224,2033,0.1
409,2033,0.1
442,2033,0.2
485,2033,0.2
516,2033,0.2
645,2033,0.2
1124,2033,0.4
1152,2033,0.1
1554,2033,0.1
97,2033,0.2
274,2033,0.1
509,2033,0.1
613,2033,0.5
803,2033,0.5
1115,2033,0.3
52,2033,0.1
486,2033,0.3
298,2033,0.4
345,2033,0.3
519,2033,0.2
1478,2033,0.2
191,2033,0.1
42,2033,0.1
188,2033,0.4
214,2033,0.3
217,2033,0.4
854,2033,0.1
1289,2033,0.1
297,2033,0.4
489,2033,0.4
588,2033,0.4
631,2033,0.1
1205,2034,0.3
76,2034,0.5
213,2034,0.5
218,2034,0.2
309,2034,0.2
358,2034,0.1
455,2034,0.1
463,2034,0.4
593,2034,0.3
863,2034,0.3
221,2034,0.3
251,2034,0.3
484,2034,0.2
561,2034,0.4
567,2034,0.2
1427,2034,0.2
224,2034,0.1
409,2034,0.1
442,2034,0.3
485,2034,0.2
516,2034,0.2
645,2034,0.2
1124,2034,0.4
1152,2034,0.1
1554,2034,0.1
97,2034,0.2
274,2034,0.1
509,2034,0.2
613,2034,0.5
803,2034,0.5
1115,2034,0.3
52,2034,0.1
486,2034,0.3
298,2034,0.4
345,2034,0.3
519,2034,0.2
1478,2034,0.2
191,2034,0.1
42,2034,0.2
188,2034,0.4
214,2034,0.3
217,2034,0.5
854,2034,0.1
1289,2034,0.1
297,2034,0.4
489,2034,0.5
588,2034,0.4
631,2034,0.1
67,2034,0.1
630,2034,0.2
637,2034,0.1
1205,2035,0.3
76,2035,0.5
213,2035,0.5
218,2035,0.2
309,2035,0.2
358,2035,0.1
455,2035,0.1
463,2035,0.4
593,2035,0.3
863,2035,0.3
221,2035,0.3
251,2035,0.3
484,2035,0.2
561,2035,0.4
567,2035,0.2
1427,2035,0.2
224,2035,0.1
409,2035,0.1
442,2035,0.3
485,2035,0.3
516,2035,0.2
645,2035,0.2
1124,2035,0.4
1152,2035,0.2
1554,2035,0.1
97,2035,0.2
274,2035,0.2
509,2035,0.2
613,2035,0.5
803,2035,0.5
1115,2035,0.3
52,2035,0.1
486,2035,0.4
298,2035,0.4
345,2035,0.3
519,2035,0.2
1478,2035,0.2
191,2035,0.1
42,2035,0.2
188,2035,0.4
214,2035,0.3
217,2035,0.5
854,2035,0.1
1289,2035,0.1
297,2035,0.5
489,2035,0.5
588,2035,0.4
631,2035,0.1
67,2035,0.1
630,2035,0.2
637,2035,0.1
748,2035,0.4
896,2035,0.4
1136,2035,0.1
1290,2035,0.1
1589,2035,0.1
152,2035,0.4
184,2035,0.1
495,2035,0.2
228,2025,0.1
258,2025,0.1
356,2025,0.1
386,2025,0.1
471,2025,0.2
640,2025,0.1
650,2025,0.1
228,2026,0.1
258,2026,0.1
356,2026,0.2
386,2026,0.1
471,2026,0.3
640,2026,0.1
650,2026,0.1
692,2026,0.2
814,2026,0.1
1128,2026,0.1
38,2026,0.1
58,2026,0.1
253,2026,0.1
292,2026,0.1
367,2026,0.1
552,2026,0.2
559,2026,0.1
645,2026,0.1
648,2026,0.1
228,2027,0.1
258,2027,0.1
356,2027,0.2
386,2027,0.1
471,2027,0.3
640,2027,0.1
650,2027,0.1
692,2027,0.3
814,2027,0.1
1128,2027,0.1
38,2027,0.1
58,2027,0.1
253,2027,0.1
292,2027,0.1
367,2027,0.1
552,2027,0.2
559,2027,0.1
648,2027,0.1
701,2027,0.1
748,2027,0.1
770,2027,0.1
142,2027,0.1
179,2027,0.1
204,2027,0.1
264,2027,0.1
436,2027,0.1
475,2027,0.1
496,2027,0.2
228,2028,0.1
258,2028,0.1
356,2028,0.2
386,2028,0.1
471,2028,0.3
640,2028,0.1
650,2028,0.3
692,2028,0.4
814,2028,0.1
1128,2028,0.1
38,2028,0.1
58,2028,0.1
253,2028,0.1
292,2028,0.1
367,2028,0.1
552,2028,0.2
559,2028,0.1
648,2028,0.1
701,2028,0.1
748,2028,0.1
770,2028,0.1
142,2028,0.2
179,2028,0.1
204,2028,0.1
264,2028,0.1
436,2028,0.1
475,2028,0.1
496,2028,0.3
668,2028,0.1
799,2028,0.1
800,2028,0.2
1154,2028,0.1
1522,2028,0.1
270,2028,0.1
276,2028,0.1
286,2028,0.5
288,2028,0.2
291,2028,0.1
228,2029,0.1
258,2029,0.1
356,2029,0.2
386,2029,0.1
471,2029,0.3
640,2029,0.1
650,2029,0.3
692,2029,0.4
814,2029,0.1
1128,2029,0.1
38,2029,0.1
58,2029,0.1
253,2029,0.1
292,2029,0.2
367,2029,0.1
552,2029,0.4
559,2029,0.1
648,2029,0.1
701,2029,0.1
748,2029,0.1
770,2029,0.1
142,2029,0.2
179,2029,0.1
204,2029,0.1
264,2029,0.2
436,2029,0.1
475,2029,0.1
496,2029,0.3
668,2029,0.1
799,2029,0.1
800,2029,0.2
1154,2029,0.1
1522,2029,0.1
270,2029,0.1
276,2029,0.1
286,2029,0.5
288,2029,0.2
291,2029,0.1
1580,2029,0.2
48,2029,0.2
188,2029,0.1
212,2029,0.3
387,2029,0.2
497,2029,0.1
228,2030,0.1
258,2030,0.2
356,2030,0.2
386,2030,0.1
471,2030,0.3
640,2030,0.1
650,2030,0.3
692,2030,0.4
814,2030,0.1
1128,2030,0.1
38,2030,0.1
58,2030,0.1
253,2030,0.1
292,2030,0.2
367,2030,0.2
552,2030,0.4
559,2030,0.1
648,2030,0.2
701,2030,0.1
748,2030,0.1
770,2030,0.1
142,2030,0.2
179,2030,0.1
204,2030,0.1
264,2030,0.2
436,2030,0.1
475,2030,0.2
496,2030,0.3
668,2030,0.1
799,2030,0.1
800,2030,0.2
1154,2030,0.1
1522,2030,0.2
270,2030,0.2
276,2030,0.1
286,2030,0.5
288,2030,0.2
291,2030,0.1
1580,2030,0.2
48,2030,0.2
188,2030,0.2
212,2030,0.3
387,2030,0.2
497,2030,0.1
2084,2030,0.2
72,2030,0.2
173,2030,0.5
255,2030,0.2
263,2030,0.2
422,2030,0.2
228,2031,0.2
258,2031,0.2
356,2031,0.2
386,2031,0.1
471,2031,0.3
640,2031,0.1
650,2031,0.3
692,2031,0.4
814,2031,0.1
1128,2031,0.2
38,2031,0.3
58,2031,0.2
253,2031,0.1
292,2031,0.2
367,2031,0.2
552,2031,0.4
559,2031,0.1
648,2031,0.2
701,2031,0.1
748,2031,0.2
770,2031,0.1
142,2031,0.2
179,2031,0.1
204,2031,0.1
264,2031,0.2
436,2031,0.1
475,2031,0.2
496,2031,0.3
668,2031,0.1
799,2031,0.1
800,2031,0.2
1154,2031,0.1
1522,2031,0.2
270,2031,0.2
276,2031,0.1
286,2031,0.5
288,2031,0.2
291,2031,0.1
1580,2031,0.2
48,2031,0.2
188,2031,0.2
212,2031,0.3
387,2031,0.2
497,2031,0.1
2084,2031,0.2
72,2031,0.2
173,2031,0.5
255,2031,0.2
263,2031,0.2
422,2031,0.3
749,2031,0.1
152,2031,0.2
277,2031,0.3
378,2031,0.1
402,2031,0.2
551,2031,0.2
643,2031,0.3
228,2032,0.2
258,2032,0.2
356,2032,0.2
386,2032,0.1
471,2032,0.3
640,2032,0.2
650,2032,0.3
692,2032,0.4
814,2032,0.1
1128,2032,0.2
38,2032,0.3
58,2032,0.3
253,2032,0.1
292,2032,0.2
367,2032,0.2
552,2032,0.4
559,2032,0.1
648,2032,0.2
701,2032,0.1
748,2032,0.2
770,2032,0.1
142,2032,0.2
179,2032,0.1
204,2032,0.1
264,2032,0.2
436,2032,0.1
475,2032,0.2
496,2032,0.3
668,2032,0.1
799,2032,0.2
800,2032,0.2
1154,2032,0.1
1522,2032,0.2
270,2032,0.2
276,2032,0.1
286,2032,0.5
288,2032,0.2
291,2032,0.1
1580,2032,0.2
48,2032,0.2
212,2032,0.3
387,2032,0.2
497,2032,0.1
2084,2032,0.2
72,2032,0.2
173,2032,0.5
255,2032,0.2
263,2032,0.2
422,2032,0.4
749,2032,0.1
152,2032,0.2
277,2032,0.4
378,2032,0.1
402,2032,0.2
551,2032,0.2
643,2032,0.3
685,2032,0.1
1207,2032,0.3
2144,2032,0.1
62,2032,0.2
228,2033,0.3
258,2033,0.3
356,2033,0.2
386,2033,0.1
471,2033,0.3
640,2033,0.2
650,2033,0.3
692,2033,0.4
814,2033,0.1
1128,2033,0.2
38,2033,0.3
58,2033,0.3
253,2033,0.1
292,2033,0.2
367,2033,0.2
552,2033,0.4
559,2033,0.1
648,2033,0.2
701,2033,0.1
748,2033,0.3
770,2033,0.1
142,2033,0.2
179,2033,0.1
204,2033,0.1
264,2033,0.2
436,2033,0.2
475,2033,0.2
496,2033,0.3
668,2033,0.1
799,2033,0.2
800,2033,0.3
1154,2033,0.1
1522,2033,0.2
270,2033,0.2
276,2033,0.1
286,2033,0.5
288,2033,0.3
291,2033,0.1
1580,2033,0.2
48,2033,0.2
212,2033,0.3
387,2033,0.2
497,2033,0.1
2084,2033,0.2
72,2033,0.2
173,2033,0.5
255,2033,0.2
263,2033,0.2
422,2033,0.4
749,2033,0.1
152,2033,0.2
277,2033,0.5
378,2033,0.1
402,2033,0.2
551,2033,0.2
643,2033,0.3
685,2033,0.1
1207,2033,0.3
2144,2033,0.1
62,2033,0.2
896,2033,0.3
594,2033,0.1
228,2034,0.3
258,2034,0.3
356,2034,0.2
386,2034,0.1
471,2034,0.3
640,2034,0.2
650,2034,0.3
692,2034,0.4
814,2034,0.1
1128,2034,0.2
38,2034,0.3
58,2034,0.3
253,2034,0.1
292,2034,0.2
367,2034,0.2
552,2034,0.4
559,2034,0.1
648,2034,0.2
701,2034,0.1
748,2034,0.3
770,2034,0.1
142,2034,0.2
179,2034,0.1
204,2034,0.1
264,2034,0.3
436,2034,0.2
475,2034,0.2
496,2034,0.3
668,2034,0.1
799,2034,0.2
800,2034,0.3
1154,2034,0.1
1522,2034,0.2
270,2034,0.2
276,2034,0.1
286,2034,0.5
288,2034,0.3
291,2034,0.1
1580,2034,0.2
48,2034,0.2
212,2034,0.3
387,2034,0.2
497,2034,0.1
2084,2034,0.2
72,2034,0.2
173,2034,0.5
255,2034,0.2
263,2034,0.2
422,2034,0.4
749,2034,0.1
152,2034,0.3
277,2034,0.5
378,2034,0.1
402,2034,0.2
551,2034,0.2
643,2034,0.3
685,2034,0.1
1207,2034,0.3
2144,2034,0.1
62,2034,0.2
896,2034,0.3
594,2034,0.1
741,2034,0.1
1594,2034,0.1
53,2034,0.3
138,2034,0.1
247,2034,0.3
424,2034,0.2
228,2035,0.3
258,2035,0.4
356,2035,0.2
386,2035,0.1
471,2035,0.3
640,2035,0.2
650,2035,0.3
692,2035,0.4
814,2035,0.1
1128,2035,0.2
38,2035,0.3
58,2035,0.3
253,2035,0.1
292,2035,0.2
367,2035,0.2
552,2035,0.4
559,2035,0.1
648,2035,0.2
701,2035,0.1
770,2035,0.2
142,2035,0.2
179,2035,0.1
204,2035,0.1
264,2035,0.3
436,2035,0.2
475,2035,0.2
496,2035,0.4
668,2035,0.1
799,2035,0.2
800,2035,0.3
1154,2035,0.1
1522,2035,0.2
270,2035,0.2
276,2035,0.1
286,2035,0.5
288,2035,0.3
291,2035,0.1
1580,2035,0.2
48,2035,0.2
212,2035,0.3
387,2035,0.2
497,2035,0.1
2084,2035,0.2
72,2035,0.2
173,2035,0.5
255,2035,0.2
263,2035,0.2
422,2035,0.4
749,2035,0.1
277,2035,0.5
378,2035,0.1
402,2035,0.2
551,2035,0.2
643,2035,0.3
685,2035,0.1
1207,2035,0.3
2144,2035,0.1
62,2035,0.2
594,2035,0.1
741,2035,0.1
1594,2035,0.1
53,2035,0.3
138,2035,0.1
247,2035,0.3
424,2035,0.2
721,2035,0.2
1221,2035,0.2
220,2035,0.2
680,2025,0.1
937,2025,0.1
979,2025,0.2
2066,2025,0.1
2100,2025,0.1
140,2025,0.1
290,2025,0.2
312,2025,0.4
499,2025,0.2
680,2026,0.2
937,2026,0.1
979,2026,0.2
2066,2026,0.1
2100,2026,0.1
140,2026,0.2
290,2026,0.2
312,2026,0.5
499,2026,0.2
2042,2026,0.3
26,2026,0.1
217,2026,0.2
389,2026,0.1
543,2026,0.1
574,2026,0.1
595,2026,0.1
680,2027,0.3
937,2027,0.1
979,2027,0.2
2066,2027,0.2
2100,2027,0.1
140,2027,0.2
290,2027,0.2
312,2027,0.5
499,2027,0.2
2042,2027,0.3
26,2027,0.1
217,2027,0.2
389,2027,0.1
543,2027,0.1
574,2027,0.1
595,2027,0.1
1264,2027,0.1
59,2027,0.2
77,2027,0.1
250,2027,0.1
255,2027,0.1
345,2027,0.1
366,2027,0.1
613,2027,0.2
680,2028,0.3
937,2028,0.1
979,2028,0.3
2066,2028,0.2
2100,2028,0.1
140,2028,0.2
290,2028,0.2
312,2028,0.5
499,2028,0.2
2042,2028,0.3
26,2028,0.1
217,2028,0.2
389,2028,0.1
543,2028,0.1
574,2028,0.1
595,2028,0.1
1264,2028,0.1
59,2028,0.3
77,2028,0.1
250,2028,0.1
255,2028,0.1
345,2028,0.1
366,2028,0.1
892,2028,0.2
896,2028,0.1
18,2028,0.1
28,2028,0.5
219,2028,0.2
680,2029,0.3
937,2029,0.1
979,2029,0.3
2066,2029,0.3
2100,2029,0.1
140,2029,0.2
290,2029,0.2
312,2029,0.5
499,2029,0.2
2042,2029,0.3
26,2029,0.1
217,2029,0.2
389,2029,0.1
543,2029,0.1
574,2029,0.2
595,2029,0.1
1264,2029,0.1
59,2029,0.3
77,2029,0.2
250,2029,0.1
255,2029,0.1
345,2029,0.1
366,2029,0.1
892,2029,0.2
896,2029,0.1
18,2029,0.1
28,2029,0.5
219,2029,0.2
1251,2029,0.1
1496,2029,0.1
1542,2029,0.1
64,2029,0.4
173,2029,0.4
214,2029,0.1
297,2029,0.3
298,2029,0.3
510,2029,0.1
680,2030,0.3
937,2030,0.1
979,2030,0.3
2066,2030,0.5
2100,2030,0.1
140,2030,0.2
290,2030,0.2
312,2030,0.5
499,2030,0.2
2042,2030,0.3
26,2030,0.1
217,2030,0.2
389,2030,0.1
543,2030,0.1
574,2030,0.2
595,2030,0.1
1264,2030,0.1
59,2030,0.3
77,2030,0.2
250,2030,0.1
366,2030,0.1
892,2030,0.2
896,2030,0.1
18,2030,0.1
28,2030,0.5
219,2030,0.2
1251,2030,0.1
1496,2030,0.1
1542,2030,0.1
64,2030,0.4
214,2030,0.1
297,2030,0.3
510,2030,0.1
882,2030,0.1
1102,2030,0.1
617,2030,0.1
680,2031,0.3
937,2031,0.2
979,2031,0.3
2066,2031,0.5
2100,2031,0.1
140,2031,0.3
290,2031,0.2
312,2031,0.5
499,2031,0.2
2042,2031,0.3
26,2031,0.1
217,2031,0.2
389,2031,0.1
543,2031,0.2
574,2031,0.2
595,2031,0.1
1264,2031,0.1
59,2031,0.3
77,2031,0.2
250,2031,0.1
366,2031,0.1
892,2031,0.2
896,2031,0.2
18,2031,0.1
28,2031,0.5
219,2031,0.3
1251,2031,0.1
1496,2031,0.1
1542,2031,0.1
64,2031,0.4
214,2031,0.1
297,2031,0.3
510,2031,0.1
882,2031,0.1
1102,2031,0.1
617,2031,0.1
1591,2031,0.1
55,2031,0.3
84,2031,0.2
234,2031,0.1
545,2031,0.1
639,2031,0.1
680,2032,0.3
937,2032,0.2
979,2032,0.3
2066,2032,0.5
2100,2032,0.2
140,2032,0.3
290,2032,0.2
312,2032,0.5
499,2032,0.2
2042,2032,0.3
26,2032,0.1
389,2032,0.1
543,2032,0.2
574,2032,0.2
595,2032,0.1
1264,2032,0.1
59,2032,0.3
77,2032,0.3
250,2032,0.1
366,2032,0.1
892,2032,0.3
896,2032,0.2
18,2032,0.1
28,2032,0.5
219,2032,0.3
1251,2032,0.1
1496,2032,0.1
1542,2032,0.1
64,2032,0.5
297,2032,0.3
510,2032,0.1
882,2032,0.1
1102,2032,0.1
617,2032,0.1
1591,2032,0.1
55,2032,0.4
84,2032,0.2
234,2032,0.2
545,2032,0.2
639,2032,0.1
1221,2032,0.1
71,2032,0.5
238,2032,0.3
244,2032,0.3
542,2032,0.1
680,2033,0.3
937,2033,0.2
979,2033,0.3
2066,2033,0.5
2100,2033,0.2
140,2033,0.3
290,2033,0.2
312,2033,0.5
499,2033,0.2
2042,2033,0.3
26,2033,0.1
389,2033,0.1
543,2033,0.2
574,2033,0.2
595,2033,0.1
1264,2033,0.1
59,2033,0.3
77,2033,0.3
250,2033,0.1
366,2033,0.1
892,2033,0.3
18,2033,0.1
28,2033,0.5
219,2033,0.3
1251,2033,0.1
1496,2033,0.1
1542,2033,0.1
64,2033,0.5
510,2033,0.1
882,2033,0.1
1102,2033,0.1
617,2033,0.1
1591,2033,0.1
55,2033,0.4
84,2033,0.2
234,2033,0.4
545,2033,0.3
639,2033,0.1
1221,2033,0.1
71,2033,0.5
238,2033,0.3
244,2033,0.3
542,2033,0.1
1234,2033,0.1
61,2033,0.3
227,2033,0.3
435,2033,0.2
558,2033,0.3
680,2034,0.3
937,2034,0.2
979,2034,0.3
2066,2034,0.5
2100,2034,0.2
140,2034,0.3
290,2034,0.2
312,2034,0.5
499,2034,0.2
2042,2034,0.3
26,2034,0.1
389,2034,0.1
543,2034,0.2
574,2034,0.2
595,2034,0.1
1264,2034,0.1
59,2034,0.3
77,2034,0.3
250,2034,0.1
366,2034,0.2
892,2034,0.3
18,2034,0.1
28,2034,0.5
219,2034,0.3
1251,2034,0.1
1496,2034,0.2
1542,2034,0.1
64,2034,0.5
510,2034,0.1
882,2034,0.1
1102,2034,0.1
617,2034,0.1
1591,2034,0.1
55,2034,0.4
84,2034,0.2
234,2034,0.4
545,2034,0.3
639,2034,0.1
1221,2034,0.1
71,2034,0.5
238,2034,0.3
244,2034,0.3
542,2034,0.1
1234,2034,0.1
61,2034,0.3
227,2034,0.4
435,2034,0.2
558,2034,0.3
703,2034,0.1
33,2034,0.3
222,2034,0.2
556,2034,0.3
680,2035,0.3
937,2035,0.2
979,2035,0.3
2066,2035,0.5
2100,2035,0.2
140,2035,0.3
290,2035,0.2
312,2035,0.5
499,2035,0.2
2042,2035,0.3
26,2035,0.1
389,2035,0.1
543,2035,0.2
574,2035,0.2
595,2035,0.1
1264,2035,0.1
59,2035,0.3
77,2035,0.3
250,2035,0.1
366,2035,0.2
892,2035,0.3
18,2035,0.1
28,2035,0.5
219,2035,0.3
1251,2035,0.1
1496,2035,0.2
1542,2035,0.1
64,2035,0.5
510,2035,0.1
882,2035,0.1
1102,2035,0.1
617,2035,0.1
1591,2035,0.2
55,2035,0.4
84,2035,0.2
234,2035,0.4
545,2035,0.3
639,2035,0.1
71,2035,0.5
238,2035,0.3
244,2035,0.3
542,2035,0.1
1234,2035,0.1
61,2035,0.3
227,2035,0.4
435,2035,0.2
558,2035,0.3
703,2035,0.1
33,2035,0.3
222,2035,0.2
556,2035,0.3
1106,2035,0.1
624,2035,0.3
1226,2025,0.1
173,2025,0.1
298,2025,0.1
428,2025,0.3
557,2025,0.1
1226,2026,0.1
173,2026,0.2
298,2026,0.2
428,2026,0.3
557,2026,0.1
1207,2026,0.2
1426,2026,0.1
48,2026,0.1
208,2026,0.2
297,2026,0.1
379,2026,0.1
547,2026,0.1
1226,2027,0.1
173,2027,0.3
298,2027,0.2
428,2027,0.3
557,2027,0.1
1207,2027,0.2
1426,2027,0.1
48,2027,0.1
208,2027,0.2
297,2027,0.1
379,2027,0.2
547,2027,0.1
892,2027,0.1
895,2027,0.1
2084,2027,0.1
1226,2028,0.1
173,2028,0.3
298,2028,0.2
428,2028,0.3
557,2028,0.1
1207,2028,0.2
1426,2028,0.1
48,2028,0.1
208,2028,0.2
297,2028,0.2
379,2028,0.2
547,2028,0.1
895,2028,0.1
2084,2028,0.1
1566,2028,0.1
1226,2029,0.1
428,2029,0.3
557,2029,0.1
1207,2029,0.2
1426,2029,0.2
208,2029,0.2
379,2029,0.2
547,2029,0.1
895,2029,0.1
2084,2029,0.1
1566,2029,0.1
1525,2029,0.1
19,2029,0.1
175,2029,0.3
192,2029,0.2
238,2029,0.1
340,2029,0.1
465,2029,0.1
1226,2030,0.1
428,2030,0.3
557,2030,0.1
1207,2030,0.2
1426,2030,0.2
208,2030,0.2
379,2030,0.2
547,2030,0.1
895,2030,0.2
1566,2030,0.1
1525,2030,0.1
19,2030,0.1
175,2030,0.3
192,2030,0.2
238,2030,0.1
340,2030,0.1
465,2030,0.1
830,2030,0.1
988,2030,0.2
1010,2030,0.3
1206,2030,0.1
20,2030,0.1
39,2030,0.2
275,2030,0.2
472,2030,0.1
556,2030,0.2
1226,2031,0.1
428,2031,0.3
557,2031,0.1
1207,2031,0.2
1426,2031,0.2
208,2031,0.2
379,2031,0.2
547,2031,0.2
895,2031,0.2
1566,2031,0.1
1525,2031,0.1
19,2031,0.1
175,2031,0.3
192,2031,0.2
238,2031,0.2
340,2031,0.2
465,2031,0.1
830,2031,0.2
988,2031,0.2
1010,2031,0.3
1206,2031,0.1
20,2031,0.1
39,2031,0.2
275,2031,0.2
472,2031,0.1
556,2031,0.2
1232,2031,0.1
279,2031,0.2
1226,2032,0.1
428,2032,0.3
557,2032,0.1
1426,2032,0.2
208,2032,0.2
379,2032,0.2
547,2032,0.2
895,2032,0.2
1566,2032,0.1
1525,2032,0.1
19,2032,0.1
175,2032,0.4
192,2032,0.2
340,2032,0.2
465,2032,0.1
830,2032,0.2
988,2032,0.2
1010,2032,0.4
1206,2032,0.1
20,2032,0.1
39,2032,0.2
275,2032,0.2
472,2032,0.1
556,2032,0.2
1232,2032,0.1
279,2032,0.2
248,2032,0.2
541,2032,0.1
628,2032,0.2
1226,2033,0.1
428,2033,0.3
557,2033,0.1
1426,2033,0.2
208,2033,0.2
379,2033,0.2
547,2033,0.2
895,2033,0.2
1566,2033,0.1
1525,2033,0.1
19,2033,0.1
175,2033,0.4
192,2033,0.2
340,2033,0.2
465,2033,0.1
830,2033,0.2
988,2033,0.2
1010,2033,0.4
1206,2033,0.1
20,2033,0.1
39,2033,0.2
275,2033,0.2
472,2033,0.1
556,2033,0.2
1232,2033,0.1
279,2033,0.2
248,2033,0.2
541,2033,0.1
628,2033,0.2
216,2033,0.2
364,2033,0.3
1226,2034,0.1
428,2034,0.3
557,2034,0.1
1426,2034,0.2
208,2034,0.2
379,2034,0.2
547,2034,0.2
895,2034,0.2
1566,2034,0.2
1525,2034,0.1
19,2034,0.1
175,2034,0.4
192,2034,0.2
340,2034,0.2
465,2034,0.1
830,2034,0.2
988,2034,0.2
1010,2034,0.4
1206,2034,0.1
20,2034,0.1
39,2034,0.2
275,2034,0.2
472,2034,0.1
1232,2034,0.1
279,2034,0.2
248,2034,0.2
541,2034,0.1
628,2034,0.2
216,2034,0.2
364,2034,0.3
468,2034,0.2
1226,2035,0.1
428,2035,0.3
557,2035,0.1
1426,2035,0.2
208,2035,0.2
379,2035,0.2
547,2035,0.2
895,2035,0.2
1566,2035,0.2
1525,2035,0.1
19,2035,0.1
175,2035,0.4
192,2035,0.2
340,2035,0.2
465,2035,0.1
830,2035,0.3
988,2035,0.2
1010,2035,0.4
1206,2035,0.2
20,2035,0.1
39,2035,0.2
275,2035,0.2
472,2035,0.1
1232,2035,0.1
279,2035,0.2
248,2035,0.2
541,2035,0.1
628,2035,0.2
216,2035,0.2
364,2035,0.3
468,2035,0.2
1284,2035,0.1
283,2035,0.1
123,2025,0.1
286,2025,0.3
464,2025,0.1
552,2025,0.1
123,2026,0.1
286,2026,0.3
464,2026,0.1
803,2026,0.3
1125,2026,0.1
259,2026,0.1
438,2026,0.2
496,2026,0.1
599,2026,0.3
123,2027,0.1
286,2027,0.3
464,2027,0.2
803,2027,0.3
1125,2027,0.1
259,2027,0.1
438,2027,0.2
599,2027,0.3
730,2027,0.1
787,2027,0.1
28,2027,0.4
236,2027,0.1
349,2027,0.1
365,2027,0.1
422,2027,0.1
470,2027,0.2
123,2028,0.1
464,2028,0.2
803,2028,0.3
1125,2028,0.1
259,2028,0.1
438,2028,0.2
599,2028,0.3
730,2028,0.1
787,2028,0.1
236,2028,0.2
349,2028,0.1
365,2028,0.1
422,2028,0.1
470,2028,0.2
670,2028,0.1
859,2028,0.1
1151,2028,0.1
37,2028,0.1
53,2028,0.1
403,2028,0.1
558,2028,0.2
123,2029,0.1
464,2029,0.2
1125,2029,0.1
259,2029,0.1
438,2029,0.2
599,2029,0.3
730,2029,0.1
787,2029,0.1
236,2029,0.2
349,2029,0.1
365,2029,0.1
422,2029,0.1
470,2029,0.2
670,2029,0.1
859,2029,0.1
1151,2029,0.1
37,2029,0.1
53,2029,0.1
403,2029,0.1
558,2029,0.2
152,2029,0.1
123,2030,0.2
464,2030,0.2
1125,2030,0.1
259,2030,0.1
438,2030,0.2
599,2030,0.3
730,2030,0.1
787,2030,0.1
236,2030,0.2
349,2030,0.1
365,2030,0.1
470,2030,0.2
670,2030,0.1
859,2030,0.1
1151,2030,0.1
37,2030,0.1
53,2030,0.1
403,2030,0.1
558,2030,0.2
152,2030,0.1
1274,2030,0.2
1978,2030,0.1
123,2031,0.2
464,2031,0.2
1125,2031,0.1
259,2031,0.1
438,2031,0.2
599,2031,0.3
730,2031,0.1
787,2031,0.1
236,2031,0.2
349,2031,0.1
365,2031,0.1
470,2031,0.2
670,2031,0.2
859,2031,0.1
1151,2031,0.1
37,2031,0.1
53,2031,0.1
403,2031,0.1
558,2031,0.2
1274,2031,0.2
1978,2031,0.1
1503,2031,0.1
100,2031,0.1
146,2031,0.1
123,2032,0.2
464,2032,0.2
1125,2032,0.1
259,2032,0.1
438,2032,0.2
599,2032,0.3
730,2032,0.1
787,2032,0.1
236,2032,0.2
349,2032,0.1
365,2032,0.1
470,2032,0.2
670,2032,0.2
859,2032,0.1
1151,2032,0.1
37,2032,0.1
53,2032,0.1
403,2032,0.1
558,2032,0.2
1274,2032,0.2
1978,2032,0.2
1503,2032,0.1
100,2032,0.1
146,2032,0.1
176,2032,0.1
452,2032,0.1
123,2033,0.2
464,2033,0.2
1125,2033,0.1
259,2033,0.1
438,2033,0.2
599,2033,0.3
730,2033,0.1
787,2033,0.1
236,2033,0.2
349,2033,0.1
365,2033,0.1
470,2033,0.2
670,2033,0.2
859,2033,0.1
1151,2033,0.1
37,2033,0.1
53,2033,0.2
403,2033,0.1
1274,2033,0.2
1978,2033,0.2
1503,2033,0.1
100,2033,0.1
146,2033,0.1
176,2033,0.1
452,2033,0.1
468,2033,0.1
123,2034,0.2
464,2034,0.2
1125,2034,0.1
259,2034,0.1
438,2034,0.2
599,2034,0.3
730,2034,0.1
787,2034,0.1
236,2034,0.2
349,2034,0.1
365,2034,0.1
470,2034,0.2
670,2034,0.2
859,2034,0.1
1151,2034,0.1
37,2034,0.1
403,2034,0.1
1274,2034,0.2
1978,2034,0.2
1503,2034,0.1
100,2034,0.1
146,2034,0.1
176,2034,0.1
452,2034,0.1
1214,2034,0.2
562,2034,0.1
123,2035,0.2
464,2035,0.2
1125,2035,0.1
259,2035,0.1
438,2035,0.2
599,2035,0.3
730,2035,0.1
787,2035,0.1
236,2035,0.2
349,2035,0.1
365,2035,0.1
470,2035,0.2
670,2035,0.3
859,2035,0.1
1151,2035,0.1
37,2035,0.1
403,2035,0.1
1274,2035,0.2
1978,2035,0.2
1503,2035,0.1
100,2035,0.1
146,2035,0.1
176,2035,0.1
452,2035,0.1
1214,2035,0.2
562,2035,0.1
153,2035,0.1
441,2035,0.3
654,2025,0.1
2042,2025,0.2
125,2025,0.1
175,2025,0.1
266,2025,0.1
275,2025,0.1
539,2025,0.1
654,2026,0.1
125,2026,0.1
175,2026,0.1
266,2026,0.2
275,2026,0.1
539,2026,0.1
1010,2026,0.1
72,2026,0.1
118,2026,0.1
197,2026,0.1
212,2026,0.2
216,2026,0.1
273,2026,0.1
654,2027,0.1
125,2027,0.1
175,2027,0.1
266,2027,0.3
275,2027,0.1
539,2027,0.1
1010,2027,0.1
72,2027,0.1
118,2027,0.1
197,2027,0.1
212,2027,0.2
216,2027,0.1
273,2027,0.1
84,2027,0.1
149,2027,0.1
244,2027,0.1
380,2027,0.1
614,2027,0.1
654,2028,0.1
125,2028,0.1
175,2028,0.1
266,2028,0.3
275,2028,0.1
539,2028,0.1
1010,2028,0.1
72,2028,0.1
118,2028,0.1
197,2028,0.1
212,2028,0.2
216,2028,0.1
273,2028,0.1
84,2028,0.1
149,2028,0.1
244,2028,0.1
380,2028,0.1
614,2028,0.1
277,2028,0.1
610,2028,0.1
654,2029,0.1
125,2029,0.1
266,2029,0.3
275,2029,0.1
539,2029,0.2
1010,2029,0.2
72,2029,0.1
118,2029,0.1
197,2029,0.1
216,2029,0.1
273,2029,0.1
84,2029,0.1
149,2029,0.1
244,2029,0.1
380,2029,0.1
614,2029,0.1
277,2029,0.1
610,2029,0.1
871,2029,0.1
899,2029,0.1
61,2029,0.2
187,2029,0.1
227,2029,0.1
391,2029,0.2
654,2030,0.1
125,2030,0.1
266,2030,0.3
539,2030,0.2
118,2030,0.1
197,2030,0.1
216,2030,0.1
273,2030,0.1
84,2030,0.1
149,2030,0.1
244,2030,0.1
380,2030,0.1
614,2030,0.1
277,2030,0.1
610,2030,0.1
871,2030,0.1
899,2030,0.1
61,2030,0.2
187,2030,0.1
227,2030,0.2
391,2030,0.2
33,2030,0.2
68,2030,0.2
71,2030,0.3
148,2030,0.2
247,2030,0.2
310,2030,0.1
654,2031,0.1
125,2031,0.1
266,2031,0.3
539,2031,0.2
118,2031,0.1
197,2031,0.1
216,2031,0.1
273,2031,0.1
149,2031,0.1
244,2031,0.1
380,2031,0.1
614,2031,0.1
610,2031,0.1
871,2031,0.1
899,2031,0.1
61,2031,0.2
187,2031,0.1
227,2031,0.2
391,2031,0.2
33,2031,0.2
68,2031,0.2
71,2031,0.3
148,2031,0.2
247,2031,0.2
310,2031,0.1
826,2031,0.1
654,2032,0.1
125,2032,0.1
266,2032,0.3
539,2032,0.2
118,2032,0.1
197,2032,0.1
216,2032,0.1
273,2032,0.1
149,2032,0.1
380,2032,0.1
614,2032,0.1
610,2032,0.1
871,2032,0.1
899,2032,0.1
61,2032,0.2
187,2032,0.1
227,2032,0.2
391,2032,0.2
33,2032,0.2
68,2032,0.2
148,2032,0.2
247,2032,0.2
310,2032,0.1
826,2032,0.1
1288,2032,0.1
1617,2032,0.1
362,2032,0.2
427,2032,0.2
654,2033,0.1
125,2033,0.1
266,2033,0.3
539,2033,0.2
118,2033,0.1
197,2033,0.2
273,2033,0.1
149,2033,0.1
380,2033,0.1
614,2033,0.1
610,2033,0.1
871,2033,0.1
899,2033,0.1
187,2033,0.1
391,2033,0.2
33,2033,0.2
68,2033,0.2
148,2033,0.2
247,2033,0.2
310,2033,0.1
826,2033,0.1
1288,2033,0.1
1617,2033,0.1
362,2033,0.2
427,2033,0.3
654,2034,0.1
125,2034,0.1
266,2034,0.3
539,2034,0.2
118,2034,0.1
197,2034,0.2
273,2034,0.1
149,2034,0.1
380,2034,0.1
614,2034,0.1
610,2034,0.1
871,2034,0.1
899,2034,0.1
187,2034,0.1
391,2034,0.2
68,2034,0.2
148,2034,0.2
310,2034,0.1
826,2034,0.1
1288,2034,0.1
1617,2034,0.1
362,2034,0.2
427,2034,0.3
1521,2034,0.3
490,2034,0.1
654,2035,0.1
125,2035,0.1
266,2035,0.3
539,2035,0.2
118,2035,0.1
197,2035,0.2
273,2035,0.1
149,2035,0.1
380,2035,0.1
614,2035,0.1
610,2035,0.1
871,2035,0.1
899,2035,0.1
187,2035,0.1
391,2035,0.2
68,2035,0.2
148,2035,0.2
310,2035,0.1
826,2035,0.1
1288,2035,0.1
1617,2035,0.1
362,2035,0.2
427,2035,0.3
1521,2035,0.3
490,2035,0.2
800,2025,0.1
28,2025,0.1
208,2025,0.1
217,2025,0.1
332,2025,0.1
561,2025,0.2
800,2026,0.1
28,2026,0.2
332,2026,0.1
33,2026,0.1
39,2026,0.1
192,2026,0.1
628,2026,0.1
800,2027,0.1
332,2027,0.1
33,2027,0.1
39,2027,0.1
192,2027,0.1
628,2027,0.1
1564,2027,0.1
23,2027,0.1
64,2027,0.1
65,2027,0.1
225,2027,0.1
252,2027,0.2
387,2027,0.1
418,2027,0.1
453,2027,0.1
486,2027,0.1
489,2027,0.2
332,2028,0.1
33,2028,0.1
39,2028,0.1
192,2028,0.1
628,2028,0.1
1564,2028,0.1
23,2028,0.1
64,2028,0.1
65,2028,0.1
225,2028,0.1
252,2028,0.2
387,2028,0.1
418,2028,0.1
453,2028,0.1
486,2028,0.1
489,2028,0.2
1521,2028,0.2
242,2028,0.1
360,2028,0.1
624,2028,0.2
332,2029,0.1
33,2029,0.1
39,2029,0.1
628,2029,0.1
1564,2029,0.1
23,2029,0.1
65,2029,0.1
225,2029,0.2
252,2029,0.2
418,2029,0.1
453,2029,0.1
489,2029,0.2
1521,2029,0.2
242,2029,0.1
360,2029,0.1
624,2029,0.2
71,2029,0.2
280,2029,0.1
362,2029,0.1
427,2029,0.1
588,2029,0.2
634,2029,0.1
332,2030,0.1
628,2030,0.1
1564,2030,0.1
23,2030,0.1
65,2030,0.1
225,2030,0.2
252,2030,0.2
418,2030,0.1
453,2030,0.2
489,2030,0.2
1521,2030,0.2
242,2030,0.1
360,2030,0.1
624,2030,0.2
280,2030,0.1
362,2030,0.1
427,2030,0.1
588,2030,0.2
634,2030,0.1
839,2030,0.1
1214,2030,0.1
1518,2030,0.1
151,2030,0.1
248,2030,0.1
265,2030,0.1
332,2031,0.1
628,2031,0.1
1564,2031,0.1
23,2031,0.1
65,2031,0.1
225,2031,0.2
252,2031,0.2
418,2031,0.1
453,2031,0.2
489,2031,0.2
1521,2031,0.2
242,2031,0.1
360,2031,0.1
624,2031,0.2
280,2031,0.1
362,2031,0.1
427,2031,0.1
588,2031,0.2
634,2031,0.1
839,2031,0.1
1214,2031,0.1
1518,2031,0.1
151,2031,0.1
248,2031,0.1
265,2031,0.1
698,2031,0.1
332,2032,0.1
1564,2032,0.1
23,2032,0.1
65,2032,0.1
225,2032,0.2
252,2032,0.2
418,2032,0.1
453,2032,0.2
489,2032,0.2
1521,2032,0.2
242,2032,0.1
360,2032,0.1
624,2032,0.2
280,2032,0.1
588,2032,0.3
634,2032,0.1
839,2032,0.1
1214,2032,0.1
1518,2032,0.1
151,2032,0.1
265,2032,0.1
698,2032,0.1
1135,2032,0.1
1529,2032,0.1
332,2033,0.1
1564,2033,0.1
23,2033,0.1
65,2033,0.1
225,2033,0.2
252,2033,0.2
418,2033,0.1
453,2033,0.2
1521,2033,0.2
242,2033,0.1
360,2033,0.1
624,2033,0.2
280,2033,0.1
634,2033,0.1
839,2033,0.1
1214,2033,0.1
1518,2033,0.1
151,2033,0.1
265,2033,0.1
698,2033,0.1
1135,2033,0.1
1529,2033,0.1
74,2033,0.2
293,2033,0.1
332,2034,0.1
1564,2034,0.1
23,2034,0.1
65,2034,0.1
225,2034,0.2
252,2034,0.2
418,2034,0.1
453,2034,0.2
242,2034,0.1
360,2034,0.1
624,2034,0.2
280,2034,0.1
634,2034,0.1
839,2034,0.1
1518,2034,0.1
151,2034,0.1
265,2034,0.1
698,2034,0.1
1135,2034,0.1
1529,2034,0.1
74,2034,0.2
293,2034,0.1
524,2034,0.1
332,2035,0.1
1564,2035,0.1
23,2035,0.1
65,2035,0.1
225,2035,0.2
252,2035,0.2
418,2035,0.1
453,2035,0.2
242,2035,0.1
360,2035,0.1
280,2035,0.1
634,2035,0.1
839,2035,0.1
1518,2035,0.1
151,2035,0.1
265,2035,0.1
698,2035,0.1
1135,2035,0.1
1529,2035,0.1
74,2035,0.2
293,2035,0.1
524,2035,0.1
350,2035,0.1
311,2025,0.2
529,2025,0.1
612,2025,0.1
311,2026,0.2
529,2026,0.1
612,2026,0.1
1427,2026,0.1
1521,2026,0.1
252,2026,0.1
613,2026,0.1
624,2026,0.1
311,2027,0.2
529,2027,0.1
612,2027,0.1
1521,2027,0.1
624,2027,0.1
695,2027,0.1
71,2027,0.1
232,2027,0.1
569,2027,0.1
311,2028,0.2
529,2028,0.1
612,2028,0.1
695,2028,0.1
71,2028,0.1
232,2028,0.1
569,2028,0.1
1138,2028,0.1
106,2028,0.1
359,2028,0.1
421,2028,0.1
311,2029,0.2
529,2029,0.1
612,2029,0.1
695,2029,0.1
232,2029,0.1
569,2029,0.1
1138,2029,0.2
106,2029,0.1
359,2029,0.1
421,2029,0.1
1239,2029,0.1
55,2029,0.2
62,2029,0.1
233,2029,0.1
441,2029,0.1
311,2030,0.2
529,2030,0.1
612,2030,0.1
695,2030,0.1
232,2030,0.1
569,2030,0.1
1138,2030,0.2
106,2030,0.1
359,2030,0.2
421,2030,0.1
1239,2030,0.1
55,2030,0.2
62,2030,0.1
233,2030,0.1
441,2030,0.2
487,2030,0.2
311,2031,0.2
529,2031,0.1
612,2031,0.1
695,2031,0.1
232,2031,0.1
569,2031,0.1
1138,2031,0.2
106,2031,0.1
359,2031,0.2
421,2031,0.1
1239,2031,0.1
62,2031,0.1
233,2031,0.1
441,2031,0.2
487,2031,0.2
245,2031,0.1
364,2031,0.1
493,2031,0.1
311,2032,0.2
529,2032,0.1
612,2032,0.1
695,2032,0.1
232,2032,0.1
569,2032,0.1
1138,2032,0.2
106,2032,0.1
359,2032,0.2
421,2032,0.2
1239,2032,0.1
233,2032,0.1
441,2032,0.2
487,2032,0.2
245,2032,0.1
364,2032,0.1
493,2032,0.1
1014,2032,0.1
311,2033,0.2
529,2033,0.1
612,2033,0.1
695,2033,0.1
232,2033,0.1
569,2033,0.1
1138,2033,0.2
106,2033,0.1
359,2033,0.2
421,2033,0.2
1239,2033,0.1
233,2033,0.1
441,2033,0.2
487,2033,0.2
245,2033,0.1
493,2033,0.1
1014,2033,0.1
278,2033,0.1
311,2034,0.2
529,2034,0.1
612,2034,0.1
695,2034,0.1
232,2034,0.1
569,2034,0.1
1138,2034,0.2
106,2034,0.1
359,2034,0.2
421,2034,0.2
1239,2034,0.1
233,2034,0.1
441,2034,0.2
487,2034,0.2
245,2034,0.1
493,2034,0.1
1014,2034,0.1
278,2034,0.1
60,2034,0.1
311,2035,0.2
529,2035,0.1
612,2035,0.1
695,2035,0.1
232,2035,0.1
569,2035,0.1
1138,2035,0.2
106,2035,0.1
359,2035,0.2
421,2035,0.2
1239,2035,0.1
233,2035,0.1
487,2035,0.2
245,2035,0.1
493,2035,0.1
1014,2035,0.1
278,2035,0.1
60,2035,0.1
105,2035,0.1
447,2025,0.1
554,2025,0.1
447,2026,0.1
554,2026,0.1
1553,2026,0.1
288,2026,0.1
489,2026,0.1
447,2027,0.1
554,2027,0.1
1553,2027,0.1
288,2027,0.1
1215,2027,0.2
223,2027,0.1
391,2027,0.1
449,2027,0.2
492,2027,0.1
447,2028,0.1
554,2028,0.1
1553,2028,0.1
1215,2028,0.2
223,2028,0.1
391,2028,0.1
449,2028,0.2
492,2028,0.1
68,2028,0.1
447,2029,0.1
554,2029,0.1
1553,2029,0.1
1215,2029,0.2
223,2029,0.1
449,2029,0.2
492,2029,0.1
68,2029,0.1
1233,2029,0.1
320,2029,0.1
447,2030,0.1
554,2030,0.1
1553,2030,0.1
1215,2030,0.2
223,2030,0.1
449,2030,0.2
492,2030,0.1
1233,2030,0.1
320,2030,0.1
1237,2030,0.1
1285,2030,0.1
447,2031,0.1
554,2031,0.1
1553,2031,0.1
1215,2031,0.2
223,2031,0.1
449,2031,0.2
492,2031,0.1
1233,2031,0.1
320,2031,0.1
1237,2031,0.1
1285,2031,0.1
1018,2031,0.1
1975,2031,0.1
294,2031,0.1
447,2032,0.1
554,2032,0.1
1553,2032,0.1
1215,2032,0.2
223,2032,0.1
449,2032,0.2
492,2032,0.1
1233,2032,0.1
320,2032,0.1
1237,2032,0.1
1285,2032,0.1
1018,2032,0.1
1975,2032,0.1
294,2032,0.1
1506,2032,0.1
36,2032,0.1
447,2033,0.1
554,2033,0.1
1553,2033,0.1
1215,2033,0.2
223,2033,0.1
449,2033,0.2
492,2033,0.1
1233,2033,0.1
320,2033,0.1
1237,2033,0.1
1285,2033,0.1
1018,2033,0.1
1975,2033,0.1
294,2033,0.1
1506,2033,0.1
36,2033,0.1
1516,2033,0.1
2011,2033,0.2
447,2034,0.1
554,2034,0.1
1553,2034,0.1
1215,2034,0.2
223,2034,0.1
449,2034,0.2
492,2034,0.1
1233,2034,0.1
320,2034,0.1
1237,2034,0.1
1285,2034,0.1
1018,2034,0.1
1975,2034,0.1
294,2034,0.1
1506,2034,0.1
36,2034,0.1
1516,2034,0.1
2011,2034,0.2
753,2034,0.1
46,2034,0.1
447,2035,0.1
554,2035,0.1
1553,2035,0.1
1215,2035,0.2
223,2035,0.1
449,2035,0.2
492,2035,0.1
1233,2035,0.1
320,2035,0.1
1237,2035,0.1
1285,2035,0.1
1018,2035,0.1
1975,2035,0.1
294,2035,0.1
1506,2035,0.1
36,2035,0.1
1516,2035,0.1
2011,2035,0.2
753,2035,0.1
46,2035,0.1
858,2025,0.1
916,2025,0.1
55,2025,0.1
279,2025,0.1
438,2025,0.1
449,2025,0.1
563,2025,0.1
858,2026,0.1
916,2026,0.1
55,2026,0.1
279,2026,0.1
449,2026,0.1
563,2026,0.1
423,2026,0.1
470,2026,0.1
858,2027,0.1
916,2027,0.1
55,2027,0.1
279,2027,0.1
563,2027,0.1
423,2027,0.1
1579,2027,0.1
61,2027,0.1
74,2027,0.1
414,2027,0.1
435,2027,0.1
487,2027,0.1
551,2027,0.1
858,2028,0.1
916,2028,0.1
55,2028,0.1
279,2028,0.1
563,2028,0.1
423,2028,0.1
1579,2028,0.1
61,2028,0.1
74,2028,0.1
414,2028,0.1
435,2028,0.1
487,2028,0.1
551,2028,0.1
988,2028,0.1
1580,2028,0.1
1962,2028,0.1
195,2028,0.1
546,2028,0.1
643,2028,0.1
858,2029,0.1
916,2029,0.1
279,2029,0.1
563,2029,0.1
423,2029,0.1
1579,2029,0.1
74,2029,0.1
414,2029,0.1
435,2029,0.1
487,2029,0.1
551,2029,0.1
988,2029,0.1
1962,2029,0.1
195,2029,0.1
546,2029,0.1
643,2029,0.1
44,2029,0.1
424,2029,0.1
429,2029,0.1
469,2029,0.1
858,2030,0.1
916,2030,0.1
279,2030,0.1
563,2030,0.1
423,2030,0.1
1579,2030,0.1
74,2030,0.1
414,2030,0.1
435,2030,0.1
551,2030,0.1
1962,2030,0.1
195,2030,0.1
546,2030,0.1
643,2030,0.1
44,2030,0.1
424,2030,0.1
429,2030,0.1
469,2030,0.1
887,2030,0.1
211,2030,0.1
402,2030,0.1
548,2030,0.1
858,2031,0.1
916,2031,0.1
563,2031,0.1
423,2031,0.1
1579,2031,0.1
74,2031,0.1
414,2031,0.1
435,2031,0.1
1962,2031,0.1
195,2031,0.1
546,2031,0.1
44,2031,0.1
424,2031,0.1
429,2031,0.1
469,2031,0.1
887,2031,0.1
211,2031,0.1
548,2031,0.1
15,2031,0.1
858,2032,0.1
916,2032,0.1
563,2032,0.1
423,2032,0.1
1579,2032,0.1
74,2032,0.1
414,2032,0.1
435,2032,0.1
1962,2032,0.1
195,2032,0.1
546,2032,0.1
44,2032,0.1
424,2032,0.1
429,2032,0.1
469,2032,0.1
887,2032,0.1
211,2032,0.1
548,2032,0.1
15,2032,0.1
1209,2032,0.1
1519,2032,0.1
2011,2032,0.1
592,2032,0.1
858,2033,0.1
916,2033,0.1
563,2033,0.1
423,2033,0.1
1579,2033,0.1
414,2033,0.1
1962,2033,0.1
195,2033,0.1
546,2033,0.1
44,2033,0.1
424,2033,0.1
429,2033,0.1
469,2033,0.1
887,2033,0.1
211,2033,0.1
548,2033,0.1
15,2033,0.1
1209,2033,0.1
1519,2033,0.1
592,2033,0.1
361,2033,0.1
425,2033,0.1
630,2033,0.1
858,2034,0.1
916,2034,0.1
563,2034,0.1
423,2034,0.1
1579,2034,0.1
414,2034,0.1
1962,2034,0.1
195,2034,0.1
546,2034,0.1
44,2034,0.1
429,2034,0.1
469,2034,0.1
887,2034,0.1
211,2034,0.1
548,2034,0.1
15,2034,0.1
1209,2034,0.1
1519,2034,0.1
592,2034,0.1
361,2034,0.1
425,2034,0.1
866,2034,0.1
858,2035,0.1
916,2035,0.1
563,2035,0.1
423,2035,0.1
1579,2035,0.1
414,2035,0.1
1962,2035,0.1
195,2035,0.1
546,2035,0.1
44,2035,0.1
429,2035,0.1
469,2035,0.1
887,2035,0.1
211,2035,0.1
548,2035,0.1
15,2035,0.1
1209,2035,0.1
1519,2035,0.1
592,2035,0.1
361,2035,0.1
425,2035,0.1
866,2035,0.1
